Title,Description,URL,Request form,Access note,Subject categories,Data/resource types,Access model,Topic,Provider,Image
ABI/Inform,"Business research database providing scholarly articles, trade publications, company profiles, industry reports, and business news. Supports research in management, finance, accounting, marketing, entrepreneurship, and economics.",https://www.proquest.com/abicomplete/index?accountid=15172,,,Business & Economics; News & Media; Scholarly Literature,Company & Organization Data; Financial & Market Data; Market Research,External platform,"Company & Organization Data, Financial & Market Data, Market Research",ProQuest,../Images/Datasets/abi-inform.png
Ad*Access,"Digital archive of historical U.S. and Canadian advertisements from 1911 to 1955. Useful for research on marketing, consumer culture, media history, visual design, and advertising trends.",https://repository.duke.edu/dc/adaccess,,Requires users to register for an account with a valid Yale email address.,Business & Economics; News & Media; Humanities & History,Market Research; Historical Archives,Open access,"Market Research, Historical Archives",,../Images/Datasets/ad-access.png
Advertising Age,"News and analysis platform covering advertising, marketing, media, agencies, and brand strategy. Supports research on marketing trends, campaign strategy, and advertising industry developments.",https://library.yale.edu/eresources/access/access-ad-age?_ga=2.49974048.788554764.1679317615-416833816.1675090855,,,Business & Economics; News & Media,Market Research; News & Current Events; Government & International Statistics,External platform,"Market Research, News & Current Events, Government & International Statistics",,../Images/Datasets/advertising-age.png
American City Business Journals,"Collection of local business news, company information, and economic reporting from major U.S. metropolitan areas. Useful for regional business, entrepreneurship, and economic development research.",https://library.yale.edu/eresources/access/access-american-city-business-journals,,Requires users to request an individual account with a Yale email address.,Business & Economics; News & Media; Scholarly Literature,Company & Organization Data; News & Current Events; Government & International Statistics,External platform,"Company & Organization Data, News & Current Events, Government & International Statistics",,../Images/Datasets/american-city-business-journals.png
American Energy Society,"Energy information platform providing industry news, reports, white papers, podcasts, and market intelligence. Supports research on energy markets, climate policy, technology, and sustainability.",https://library.yale.edu/eresources/access/access-american-energy-society,,New users will need to register for an individual account using a valid Yale email address .,Energy & Environment; Business & Economics; Government & Public Policy,News & Current Events; ESG & Sustainability Data; Data Platform,External platform,"News & Current Events, ESG & Sustainability Data, Data Platform",,../Images/Datasets/american-energy-society.png
Associations Unlimited,"Directory of professional, trade, cultural, labor, and nonprofit organizations in the United States and abroad. Useful for identifying associations, professional networks, and organizational contacts.",https://yale.idm.oclc.org/login?URL=https://go.gale.com/ps/i.do?p=GDL&sw=w&u=29002&v=2.1&pg=BasicSearch&it=static&sid=bookmark-GDL,,"Descriptions and contact information for over 500 membership organizations from around the world, including professional and trade associations, labor unions, and cultural organizations. Included titles: Encyclopedia of Associations: National Organizations of the U.S., Encyclopedia of Associations: International Organizations, and Encyclopedia of Associations: Regional, State & Local Associations .",Social Sciences,Company & Organization Data; Trade & Supply Chain Data; Workforce & Career Data,External platform,"Company & Organization Data, Trade & Supply Chain Data, Workforce & Career Data",Gale,../Images/Datasets/associations-unlimited.png
Audit Analytics,"Database of corporate disclosures, audit information, accounting practices, regulatory filings, and compliance activity. Supports research in accounting, corporate governance, financial reporting, and regulation.",https://search.library.yale.edu/catalog/16525201,,Available via WRDS or the Audit Analytics website. Both options require users to register for an account with a valid Yale email address.,Business & Economics; Government & Public Policy,Financial & Market Data; News & Current Events; Data Platform,External platform,"Financial & Market Data, News & Current Events, Data Platform",,../Images/Datasets/audit-analytics.png
BBC Research,"Market research platform covering emerging technologies, healthcare, energy, materials, biotechnology, and industrial sectors. Useful for technology forecasting, industry analysis, and market assessment.",http://hdl.handle.net/10079/yuldb/yuldb1766,,,Energy & Environment; Health & Medicine; Business & Economics,Market Research; Health & Biomedical Data; Data Platform,External platform,"Market Research, Health & Biomedical Data, Data Platform",,../Images/Datasets/bbc-research.png
Bloomberg Terminal,"Professional financial data platform providing real-time market data, company information, economic indicators, analytics, and news. Widely used for investment, finance, and economic research.",https://guides.library.yale.edu/Bloomberg,,Available on dedicated workstations located at Marx Library and the School of Management.,Business & Economics; News & Media,Company & Organization Data; Financial & Market Data; News & Current Events,Workstation access,"Company & Organization Data, Financial & Market Data, News & Current Events",Bloomberg,../Images/Datasets/bloomberg-terminal.png
Bloomberg.com,"News and data platform covering global markets, business, economics, politics, technology, and policy. Supports research on current events, financial markets, and business trends.",https://web.library.yale.edu/access-bloombergcom,,Requires users to register for an individual account with a Yale email address.Bloomberg.com accounts are reset annually after the spring semester. Returning users may need to re-register with their @yale.edu address at that time.,Business & Economics; Government & Public Policy; News & Media,Financial & Market Data; News & Current Events; Real Estate & Property Data,External platform,"Financial & Market Data, News & Current Events, Real Estate & Property Data",Bloomberg,../Images/Datasets/bloomberg-com.png
Business Insider,"Digital news platform featuring reporting on business, technology, finance, careers, and global affairs. Useful for tracking companies, industries, labor markets, and emerging business trends.",https://library.yale.edu/eresources/access/access-business-insider,,Requires users to register for an account with a Yale email address.,Business & Economics; Social Sciences; News & Media,Company & Organization Data; Financial & Market Data; News & Current Events,External platform,"Company & Organization Data, Financial & Market Data, News & Current Events",,../Images/Datasets/business-insider.png
Business of Fashion Professional,"Industry intelligence platform covering global fashion markets, companies, retail strategy, and consumer trends. Supports research on fashion business, luxury markets, and brand strategy.",https://library.yale.edu/eresources/access/access-business-fashion?_ga=2.228768796.1813429910.1685970342-141142974.1682704224,,Requires users to register for an account with a Yale email address. The campus subscription does not include access to BoF Insights reports.,Business & Economics,Company & Organization Data; Market Research; Data Platform,External platform,"Company & Organization Data, Market Research, Data Platform",,../Images/Datasets/business-of-fashion-professional.png
Business Source Ultimate,"Comprehensive business database providing scholarly journals, trade publications, industry reports, SWOT analyses, case studies, and company profiles. Supports research across business disciplines.",https://yale.idm.oclc.org/login?URL=https://research-ebsco-com.yale.idm.oclc.org/c/bygvhg/topics,,,Business & Economics; Scholarly Literature,Company & Organization Data; Scholarly Indexes & Literature; Trade & Supply Chain Data,External platform,"Company & Organization Data, Scholarly Indexes & Literature, Trade & Supply Chain Data",EBSCO,../Images/Datasets/business-source-ultimate.png
Caixin Global,"English-language news source covering Chinese business, finance, economics, politics, and public policy. Useful for research on China's economy, markets, and regulatory environment.",https://web.library.yale.edu/access-caixin-global,,Requires users to register for an individual account with a Yale email address for access.,Energy & Environment; Business & Economics; Government & Public Policy,Financial & Market Data; News & Current Events,External platform,"Financial & Market Data, News & Current Events",,../Images/Datasets/caixin-global.png
Calcbench,"Financial statement database built from SEC XBRL filings of public companies. Supports accounting, auditing, financial analysis, and corporate reporting research.",https://web.library.yale.edu/access-calcbench,,Requires users to register for an individual account with a Yale email address for access.,Business & Economics,Company & Organization Data; Financial & Market Data; News & Current Events,External platform,"Company & Organization Data, Financial & Market Data, News & Current Events",,../Images/Datasets/calcbench.png
Capital IQ,"Financial intelligence platform providing company financials, transactions, ownership data, market information, and professional profiles worldwide. Widely used for business, investment, and economic research.","https://library.yale.edu/eresources/access/access-capital-iq, https://guides.library.yale.edu/capiq",,Requires registering an individual account with a Yale email address. Individuals who do not want to create an individual account can use S&P NetAdvantage for similar functionality.,Business & Economics,Company & Organization Data; Financial & Market Data; Data Platform,External platform,"Company & Organization Data, Financial & Market Data, Data Platform",S&P,../Images/Datasets/capital-iq.png
Carbon Pulse,"News and intelligence platform covering carbon markets, emissions trading, greenhouse gas pricing, climate policy, and sustainability initiatives. Supports environmental economics and climate governance research.",https://library.yale.edu/eresources/access/access-carbon-pulse,,Requires users to register for an individual account with a Yale email address for access.,Energy & Environment; Business & Economics; Government & Public Policy,News & Current Events; ESG & Sustainability Data; Data Platform,External platform,"News & Current Events, ESG & Sustainability Data, Data Platform",,../Images/Datasets/carbon-pulse.png
CB Insights,"Database tracking startups, investors, venture capital activity, funding rounds, acquisitions, and emerging industries. Useful for entrepreneurship, innovation, and technology market research.",https://library.yale.edu/eresources/access/access-cb-insights,,Requires users to register for an account using a Yale email address. Note: Expert Intelligence reports are not available with academic or university accounts.,Business & Economics; Technology & Innovation,Financial & Market Data; Market Research; Data Platform,External platform,"Financial & Market Data, Market Research, Data Platform",,../Images/Datasets/cb-insights.png
CDP Climate Data,"Company-reported environmental and climate disclosure data covering emissions, sustainability practices, and supply-chain activity. Supports ESG, climate risk, and corporate sustainability research.",https://library.yale.edu/eresources/access/access-carbon-disclosure-project-public-climate-change-data?_ga=2.105318723.1326972826.1556550690-1266232307.1547737145,,,Energy & Environment; Business & Economics,Company & Organization Data; ESG & Sustainability Data,External platform,"Company & Organization Data, ESG & Sustainability Data",,../Images/Datasets/cdp-climate-data.png
CEIC Data,"Global economic and financial database containing macroeconomic, sector, regional, and alternative data from official and commercial sources. Supports comparative economic and policy research.",https://library.yale.edu/eresources/access/access-ceic-data,,,Business & Economics; Government & Public Policy,Financial & Market Data; Data Platform,External platform,"Financial & Market Data, Data Platform",,../Images/Datasets/ceic-data.png
Centralbanking.com,"Information resource focused on central banking, monetary policy, financial stability, banking regulation, and financial technologies. Useful for research on economic policy and financial systems.",https://yale.idm.oclc.org/login?URL=https://www.centralbanking.com/,,,Business & Economics; Government & Public Policy,Financial & Market Data,External platform,Financial & Market Data,,../Images/Datasets/centralbanking-com.png
Conference Board,"Source for economic indicators, business research, and management intelligence. Supports research on economic conditions, consumer confidence, workforce trends, and organizational performance.",https://library.yale.edu/eresources/access/access-conference-board,,Off-campus users must be logged in to Yale’s VPN OR must create an account with their @yale.edu email address.,Business & Economics; Social Sciences,Company & Organization Data; Market Research; Government & International Statistics,External platform,"Company & Organization Data, Market Research, Government & International Statistics",,../Images/Datasets/conference-board.png
CoreLogic,"Property, mortgage, deed, tax, and real estate market database covering U.S. housing markets. Supports research in housing, urban economics, finance, and real estate.",https://search.library.yale.edu/catalog/99149180943408651,https://forms.office.com/pages/responsepage.aspx?id=u76M3Tkh-E20EU4-h6vrXGa2PpecL_VHoOa9Jy4XGNVUMVJTT1BXNDdHVVAyREk5N09BWVdCVFE5RiQlQCN0PWcu&route=shorturl,,Business & Economics; GIS & Spatial Data,Financial & Market Data; Survey & Polling Data; Real Estate & Property Data,Locally hosted at Yale,"Financial & Market Data, Survey & Polling Data, Real Estate & Property Data",,../Images/Datasets/corelogic.png
Crunchbase,"Database of private and public companies, investors, funding rounds, acquisitions, and startup activity. Supports research on entrepreneurship, innovation ecosystems, and venture capital.",https://search.library.yale.edu/catalog/99159676243408651,https://forms.office.com/pages/responsepage.aspx?id=u76M3Tkh-E20EU4-h6vrXGa2PpecL_VHoOa9Jy4XGNVUQTVRTE40N1kwVk5FTzJTNjJOVzRPWU5IUCQlQCN0PWcu&route=shorturl,Data is available by request. Use the access link in the Quicksearch record to get started.,Business & Economics; Technology & Innovation,Company & Organization Data; Financial & Market Data; Data Platform,Locally hosted at Yale,"Company & Organization Data, Financial & Market Data, Data Platform",,../Images/Datasets/crunchbase.png
Data Axle,"Business directory containing current and historical information on millions of U.S. and Canadian companies. Useful for business demographics, market analysis, and geographic research.",https://library.yale.edu/eresources/access/access-data-axle-reference-solutions,,,Business & Economics; Social Sciences; GIS & Spatial Data,Company & Organization Data; News & Current Events; Geospatial & Mapping Data,External platform,"Company & Organization Data, News & Current Events, Geospatial & Mapping Data",,../Images/Datasets/data-axle.png
Data Explr,"Historical database of U.S. private companies with information on sales, employment, industry classification, location, and ownership. Supports longitudinal business and economic research.",http://hdl.handle.net/10079/yuldb/yuldb2852,,Data for 1981 and 1984 are not available. An individual Data Exlpr account is required to access this data.,Business & Economics; GIS & Spatial Data; Humanities & History,Company & Organization Data; Geospatial & Mapping Data; Historical Archives,External platform,"Company & Organization Data, Geospatial & Mapping Data, Historical Archives",,../Images/Datasets/data-explr.png
Datacenter Knowledgebase (451 Research),"Global database of data center facilities, infrastructure, capacity, utilization, and market activity. Useful for research on cloud computing, digital infrastructure, and technology markets.",,https://forms.office.com/pages/responsepage.aspx?id=u76M3Tkh-E20EU4-h6vrXGa2PpecL_VHoOa9Jy4XGNVUQTFTSEtMRk84SVJTSUVBT0RDSzZSWkQ0WSQlQCN0PWcu&route=shorturl,Requires users to request an individual account with a Yale email address.,Business & Economics; Technology & Innovation,Data Platform,Locally hosted at Yale,Data Platform,,../Images/Datasets/datacenter-knowledgebase-451-research.png
Datastream,"Historical financial database containing securities prices, economic indicators, commodities, bonds, and market data. Supports quantitative finance, investment analysis, and economic research.",https://guides.library.yale.edu/Workspace/Datastream,https://forms.office.com/pages/responsepage.aspx?id=u76M3Tkh-E20EU4-h6vrXGa2PpecL_VHoOa9Jy4XGNVURDdNSUpFT0JDMEw2WlNCOEQ4NE1KSklNUyQlQCN0PWcu&route=shorturl,,Business & Economics; Humanities & History,Financial & Market Data; Government & International Statistics; Historical Archives,Locally hosted at Yale,"Financial & Market Data, Government & International Statistics, Historical Archives",LSEG,../Images/Datasets/datastream.png
Dewey Data,"Platform providing access to licensed third-party research datasets across healthcare, workforce, consumer behavior, transportation, and other domains. Useful for discovering specialized datasets.",https://www.deweydata.io/,,"Click ""Sign in"" and enter your yale.edu email address.",Health & Medicine; Social Sciences,Market Research; Health & Biomedical Data; Workforce & Career Data,External platform,"Market Research, Health & Biomedical Data, Workforce & Career Data",,../Images/Datasets/dewey-data.png
eCommerceDB,"Global e-commerce database covering online retailers, revenue, market development, competitors, traffic, and digital commerce indicators. Supports retail, consumer behavior, and digital economy research.",https://library.yale.edu/eresources/access/access-ecommercedb,,Also accessible via Statista.,Business & Economics; Technology & Innovation,Market Research; Government & International Statistics; Data Platform,External platform,"Market Research, Government & International Statistics, Data Platform",,../Images/Datasets/ecommercedb.png
EconLit,"Comprehensive index of economics literature including journal articles, books, working papers, dissertations, conference proceedings, and reviews. Supports scholarly research in economics and related fields.",https://yale.idm.oclc.org/login?URL=http://search.proquest.com/econlit?accountid=15172,,,Business & Economics; Humanities & History; Scholarly Literature,Scholarly Indexes & Literature,External platform,Scholarly Indexes & Literature,ProQuest,../Images/Datasets/econlit.png
EIU Viewpoint,"Political and economic intelligence platform providing country analysis, forecasts, policy insights, and risk assessments. Useful for international business, public policy, and global market research.",https://viewpoint-eiu-com.yale.idm.oclc.org/,,,Business & Economics; Government & Public Policy,Market Research; Government & International Statistics; Data Platform,External platform,"Market Research, Government & International Statistics, Data Platform",,../Images/Datasets/eiu-viewpoint.png
eMarketer,"Market data and analysis platform focused on digital advertising, social media, e-commerce, retail, and consumer technology. Supports research on digital markets and media trends.",http://hdl.handle.net/10079/yuldb/yuldb1980,,,Business & Economics; Social Sciences; News & Media,Financial & Market Data; Market Research; Data Platform,External platform,"Financial & Market Data, Market Research, Data Platform",,../Images/Datasets/emarketer.png
EMIS,"Market intelligence platform providing company, industry, country, and news data for emerging and established markets. Supports global business, market, and economic research.",https://library.yale.edu/eresources/access/access-emis,,"If you are prompted to login, select the Guest Access option.",Business & Economics; News & Media,Company & Organization Data; News & Current Events; Government & International Statistics,External platform,"Company & Organization Data, News & Current Events, Government & International Statistics",,../Images/Datasets/emis.png
Esri Business Analyst,"Web-based GIS and market analysis platform with demographic, consumer, employment, and location data. Supports spatial analysis, site selection, and market research.",https://guides.library.yale.edu/onlinemapping/BA,,"Requires an individual account. For more information and to request an account, visit: Online Mapping Resources: Esri Business Analyst Web Apps.",Business & Economics; Social Sciences; GIS & Spatial Data,Market Research; Geospatial & Mapping Data; Workforce & Career Data,External platform,"Market Research, Geospatial & Mapping Data, Workforce & Career Data",Esri,../Images/Datasets/esri-business-analyst.png
Factiva,"Global news database with current and archival coverage from newspapers, magazines, newswires, and business sources. Supports news, company, industry, and policy research.",https://yale.idm.oclc.org/login?URL=http://hdl.handle.net/10079/yuldb/yuldb493,,"Per our license agreement, Factiva may not be used for text mining projects.",Business & Economics; Government & Public Policy; News & Media,Company & Organization Data; News & Current Events; Real Estate & Property Data,External platform,"Company & Organization Data, News & Current Events, Real Estate & Property Data",EBSCO,../Images/Datasets/factiva.png
FactSet,"Financial data and analytics platform covering global companies, markets, securities, estimates, and economic data. Supports investment research, financial modeling, and market analysis.",http://guides.library.yale.edu/factset,,Access to FactSet is made possible by Yale School of Management. FactSet Workstation is available for Faculty & PhD Students.,Business & Economics,Company & Organization Data; Financial & Market Data; Data Platform,Workstation access,"Company & Organization Data, Financial & Market Data, Data Platform",FactSet,../Images/Datasets/factset.png
Finaeon,"Historical financial and economic time-series database covering countries, markets, exchange rates, interest rates, commodities, inflation, and securities. Supports long-run financial and economic research.",http://web.library.yale.edu/access-global-financial-data,,,Business & Economics; Humanities & History,Financial & Market Data; Historical Archives; Data Platform,External platform,"Financial & Market Data, Historical Archives, Data Platform",United Nations,../Images/Datasets/finaeon.png
Financial Times,"Digital news source covering global business, finance, economics, politics, and markets. Useful for current awareness and research on international business and economic issues.",https://yale.idm.oclc.org/login?URL=https://library.yale.edu/eresources/access/access-financial-times,,,Business & Economics; Government & Public Policy; News & Media,Financial & Market Data; News & Current Events; Government & International Statistics,External platform,"Financial & Market Data, News & Current Events, Government & International Statistics",,../Images/Datasets/financial-times.png
Foundation Directory Online Professional,"Database of U.S. foundations, grantmakers, corporate giving programs, public charities, grants, and IRS filings. Supports philanthropy, nonprofit, and funding research.",https://yale.idm.oclc.org/login?URL=http://hdl.handle.net/10079/yuldb/yuldb515,,,Social Sciences,Company & Organization Data; Data Platform,External platform,"Company & Organization Data, Data Platform",,../Images/Datasets/foundation-directory-online-professional.png
Frost and Sullivan,"Market research platform covering technology, healthcare, transportation, defense, chemicals, electronics, communications, and other industries. Useful for industry analysis and market forecasting.",https://member.frost.com/login,,,Health & Medicine; Business & Economics; Technology & Innovation,Market Research; Health & Biomedical Data; Data Platform,External platform,"Market Research, Health & Biomedical Data, Data Platform",,../Images/Datasets/frost-and-sullivan.png
Gale Business Insights,"Business information platform providing company profiles, SWOT analyses, industry coverage, market share data, histories, chronologies, and articles. Supports company and industry research.",https://yale.idm.oclc.org/login?URL=http://infotrac.galegroup.com/itweb/29002?db=BIG,,,Business & Economics,Company & Organization Data; Market Research; Data Platform,External platform,"Company & Organization Data, Market Research, Data Platform",Gale,../Images/Datasets/gale-business-insights.png
Gallup Analytics,"Polling and survey data platform covering U.S. and global public opinion. Supports research on attitudes, behavior, social trends, and cross-national comparisons.",https://yale.idm.oclc.org/login?URL=https://library.yale.edu/eresources/access/access-gallup-analytics,Yale subscribes to individual response data contact researchdata@yale.edu for access.,,Social Sciences,Survey & Polling Data; Data Platform,External platform,"Survey & Polling Data, Data Platform",,../Images/Datasets/gallup-analytics.png
Gartner,"Information technology research platform providing reports, analysis, and trends on IT markets, vendors, and strategy. Supports technology management and digital transformation research.",http://business.yale.edu/gartner/go,,,Business & Economics; Technology & Innovation,Data Platform,External platform,Data Platform,,../Images/Datasets/gartner.png
Global Development Finance,"World Bank dataset on financial flows, external debt, and financial indicators for developing countries. Supports research on development finance and international economic conditions.",http://data.worldbank.org/data-catalog/global-financial-development,,,Business & Economics,Financial & Market Data; Government & International Statistics,Open access,"Financial & Market Data, Government & International Statistics",World Bank,../Images/Datasets/global-development-finance.png
GlobalData Medical and Pharmaceutical Intelligence Centers,"Market research platform covering medical device and pharmaceutical industries. Supports research on healthcare markets, drug development, competitive intelligence, and industry trends.",https://library.yale.edu/eresources/access/access-globaldata,,,Health & Medicine; Business & Economics,Market Research; Government & International Statistics; Health & Biomedical Data,External platform,"Market Research, Government & International Statistics, Health & Biomedical Data",,../Images/Datasets/globaldata-medical-and-pharmaceutical-intelligence-centers.png
GoinGlobal,"Career and employment information platform with country guides, job search resources, visa information, salary data, and workplace advice. Supports global career and labor market research.",https://yale.idm.oclc.org/login?url=http://online.goinglobal.com/default.aspx,,,Business & Economics; Social Sciences,Market Research; Government & International Statistics; Workforce & Career Data,External platform,"Market Research, Government & International Statistics, Workforce & Career Data",,../Images/Datasets/goinglobal.png
GuideStar Pro,"Nonprofit organization database with information on programs, finances, leadership, and IRS filings. Useful for nonprofit, philanthropy, civic sector, and organizational research.",https://library.yale.edu/eresources/access/access-guidestar,,"For assistance with downloading lists with more than 1000 results, please contact business.reference@yale.edu.",Business & Economics; Social Sciences,Company & Organization Data; Financial & Market Data; Data Platform,External platform,"Company & Organization Data, Financial & Market Data, Data Platform",,../Images/Datasets/guidestar-pro.png
Handbooks in Economics,"Full-text collection of scholarly handbooks in economics, finance, econometrics, and related fields. Supports literature review and advanced disciplinary research.",https://www.sciencedirect.com/browse/journals-and-books?subject=economics-econometrics-and-finance,,,Business & Economics; Humanities & History; Scholarly Literature,Financial & Market Data; Scholarly Indexes & Literature,External platform,"Financial & Market Data, Scholarly Indexes & Literature",Elsevier,../Images/Datasets/handbooks-in-economics.png
Harvard Business Publishing eBooks Collection,"Ebook collection covering management, leadership, entrepreneurship, strategy, human resources, and related business topics. Useful for teaching, professional development, and business research.","https://yale.idm.oclc.org/login?url=https://search.ebscohost.com/login.aspx?authtype=ip,uid&custid=s5164239&groupid=main&profile=ehost&defaultdb=e076mww",,,Business & Economics,Company & Organization Data; Government & International Statistics; Scholarly Indexes & Literature,External platform,"Company & Organization Data, Government & International Statistics, Scholarly Indexes & Literature",EBSCO,../Images/Datasets/harvard-business-publishing-ebooks-collection.png
IBISWorld,"Industry research platform with reports on market size, trends, performance, risks, major companies, and forecasts. Supports industry analysis, business planning, and market research.",https://library.yale.edu/eresources/access/access-ibisworld,,"Due to licensing restrictions with IBISWorld, users are limited to fewer than 50 downloads per session. Exceeding this limit may result in a university-wide loss of access to this resource.",Business & Economics,Company & Organization Data; Market Research; Data Platform,External platform,"Company & Organization Data, Market Research, Data Platform",,../Images/Datasets/ibisworld.png
IEA Statistics Package,"Energy statistics resource from the International Energy Agency. Supports research on energy production, consumption, trade, prices, and energy policy across countries.",https://guides.library.yale.edu/iea,,,Energy & Environment; Government & Public Policy,Financial & Market Data; Market Research; Government & International Statistics,External platform,"Financial & Market Data, Market Research, Government & International Statistics",,../Images/Datasets/iea-statistics-package.png
ImpactAlpha,"News and analysis source covering impact investing, sustainable finance, social enterprise, and market-based approaches to social change. Supports ESG and social impact research.",https://library.yale.edu/eresources/access/access-impactalpha,,Requires users to register for an individual account with a Yale email address.,Energy & Environment; Business & Economics; Social Sciences,Financial & Market Data; News & Current Events; ESG & Sustainability Data,External platform,"Financial & Market Data, News & Current Events, ESG & Sustainability Data",,../Images/Datasets/impactalpha.png
Indiastat,"Statistical database providing India-specific socioeconomic, industry, demographic, and government data. Supports regional, policy, development, and market research on India.",https://library.yale.edu/eresources/access/access-indiastat,,,Business & Economics; Government & Public Policy; Social Sciences,Market Research; Government & International Statistics; Data Platform,External platform,"Market Research, Government & International Statistics, Data Platform",,../Images/Datasets/indiastat.png
Inside Philanthropy,"News and information platform covering foundations, major donors, grantmaking, philanthropy jobs, and funding opportunities. Supports research on philanthropy and nonprofit funding.",https://library.yale.edu/eresources/access/access-inside-philanthropy,,Requires users to register for an individual account.,Social Sciences; News & Media,Company & Organization Data; News & Current Events; Workforce & Career Data,External platform,"Company & Organization Data, News & Current Events, Workforce & Career Data",,../Images/Datasets/inside-philanthropy.png
International Financial Statistics - IMF,"IMF statistical database covering international and domestic finance, monetary indicators, exchange rates, prices, production, and national accounts. Supports macroeconomic and international finance research.",http://data.imf.org/IFS,,,Business & Economics; Government & Public Policy,Financial & Market Data; Market Research; Government & International Statistics,Open access,"Financial & Market Data, Market Research, Government & International Statistics",IMF,../Images/Datasets/international-financial-statistics-imf.png
JSTOR,"Digital archive of scholarly journals, books, and primary sources across many disciplines. Supports literature reviews and historical research in business and related fields.",http://hdl.handle.net/10079/yuldb/yuldb1517,,,Business & Economics; Humanities & History; Scholarly Literature,Scholarly Indexes & Literature; Historical Archives,External platform,"Scholarly Indexes & Literature, Historical Archives",JSTOR,../Images/Datasets/jstor.png
Kanopy,"Streaming video platform offering educational films and documentaries across a range of subject areas. Useful for teaching, course support, and media-based research.",https://search.library.yale.edu/catalog/12778063,,,News & Media,Data Platform,External platform,Data Platform,,../Images/Datasets/kanopy.png
Leadership Connect,"Directory of leaders and organizations in business, government, and nonprofit sectors in the United States. Useful for contact research and organizational mapping.",https://library.yale.edu/eresources/access/access-leadership-connect,,Requires users to sign in with an @Yale.edu email address. Users will be directed to the Yale CAS sign-in page. Note: The export function is not available with our subscription.,Business & Economics; Government & Public Policy; Social Sciences,Company & Organization Data; Geospatial & Mapping Data,External platform,"Company & Organization Data, Geospatial & Mapping Data",,../Images/Datasets/leadership-connect.png
LSEG,"Financial markets platform providing company financials, filings, estimates, transactions, market data, and analyst research. Supports investment, corporate finance, and market research.",https://guides.library.yale.edu/Workspace/,,Requires users to register for an individual account.,Business & Economics,Company & Organization Data; Financial & Market Data; Market Research,External platform,"Company & Organization Data, Financial & Market Data, Market Research",LSEG,../Images/Datasets/lseg.png
LSEG Tick History,"Historical intraday market data source with time-and-sales, quotes, and market-depth data for futures. Supports high-frequency finance and market microstructure research.",https://guides.library.yale.edu/LSEG_Tick_History,,email to request access: business.reference@yale.edu,Business & Economics; Humanities & History,Financial & Market Data; Historical Archives,External platform,"Financial & Market Data, Historical Archives",LSEG,../Images/Datasets/lseg-tick-history.png
Making of the Modern World,"Digital archive of economic and business literature published from 1450 through 1850. Supports historical research on commerce, political economy, and social thought.",http://hdl.handle.net/10079/yuldb/yuldb859,,,Business & Economics; Government & Public Policy; Social Sciences,Scholarly Indexes & Literature; Historical Archives,External platform,"Scholarly Indexes & Literature, Historical Archives",,../Images/Datasets/making-of-the-modern-world.png
"Market Research & American Business, 1935-1965","Digital archive of market research reports and consumer studies from mid-twentieth-century American business. Supports research on advertising, consumer culture, and business history.",https://yale.idm.oclc.org/login?URL=http://www.consumerculture.amdigital.co.uk/,,,Business & Economics; News & Media; Humanities & History,Market Research; Historical Archives,External platform,"Market Research, Historical Archives",,../Images/Datasets/market-research-american-business-1935-1965.png
MarketResearch.com Academic,"Market research platform providing reports on consumer, demographic, lifestyle, industrial, and product markets. Supports industry analysis, market sizing, and consumer research.",https://yale.idm.oclc.org/login?url=https://www.marketresearch.com/academic/,,,Business & Economics; Social Sciences,Market Research; Data Platform,External platform,"Market Research, Data Platform",,../Images/Datasets/marketresearch-com-academic.png
Media Radar 360,"Advertising intelligence platform covering advertising expenditures across television, radio, magazines, newspapers, and other media. Supports media planning and advertising market research.",https://yale.idm.oclc.org/login?URL=https://yale.idm.oclc.org/login?url=https://edu.app.vivvix.com,,,Business & Economics; News & Media,Market Research; News & Current Events; Data Platform,External platform,"Market Research, News & Current Events, Data Platform",,../Images/Datasets/media-radar-360.png
Mergent Archives,"Historical corporate document archive including corporate manuals, municipal manuals, and annual reports. Supports company history, financial history, and archival business research.",https://yale.idm.oclc.org/login?url=https://www.mergentarchives.com/search.php,,,Business & Economics; Humanities & History,Company & Organization Data; Financial & Market Data; Historical Archives,External platform,"Company & Organization Data, Financial & Market Data, Historical Archives",,../Images/Datasets/mergent-archives.png
Mergent Intellect,"Global business directory with public and private company data, executive contacts, and industry research from D&B Hoovers. Supports company and market research.",https://yale.idm.oclc.org/login?URL=https://yale.idm.oclc.org/login?URL=https://www.mergentintellect.com,,,Business & Economics,Company & Organization Data; Market Research,External platform,"Company & Organization Data, Market Research",,../Images/Datasets/mergent-intellect.png
Mergent Municipal Bond Database,"Dataset of municipal bond attributes with historical coverage dating back several decades. Supports fixed income, public finance, and municipal market research.",http://search.library.yale.edu/catalog/14077868,,,Business & Economics; Government & Public Policy; Humanities & History,Financial & Market Data; Market Research; Historical Archives,External platform,"Financial & Market Data, Market Research, Historical Archives",,../Images/Datasets/mergent-municipal-bond-database.png
Mintel GNPD,"Global product database tracking new consumer packaged goods across food, beverage, household, beauty, health, and pet sectors. Supports product innovation and market research.",https://library.yale.edu/eresources/access/access-mintel?_ga=2.202669273.931541240.1636380257-883986010.1630510795,,Requires users to create a profile using your @yale.edu email address. Find step-by-step instructions for accessing Mintel GNPD in Yale Business Answers Now.,Health & Medicine; Business & Economics; Technology & Innovation,Market Research; Health & Biomedical Data; Data Platform,External platform,"Market Research, Health & Biomedical Data, Data Platform",Mintel,../Images/Datasets/mintel-gnpd.png
Mintel Reports,"Consumer market research platform with reports on U.S. and global markets, consumer attitudes, segmentation, and purchasing behavior. Supports marketing and consumer research.",http://hdl.handle.net/10079/yuldb/yuldb902,,,Business & Economics; News & Media,Market Research; Data Platform,External platform,"Market Research, Data Platform",Mintel,../Images/Datasets/mintel-reports.png
Moody's CRE,"Commercial real estate database with property data, rent levels, vacancy rates, sales comparables, forecasts, and market trends. Supports real estate and urban economics research.",https://library.yale.edu/eresources/access/access-moodys,https://forms.office.com/pages/responsepage.aspx?id=u76M3Tkh-E20EU4-h6vrXGa2PpecL_VHoOa9Jy4XGNVUNlVINUhVVUZNMTJFRFgyNjdQM0lCMklNTiQlQCN0PWcu&route=shorturl,Requires users to request an individual account with a Yale email address.,Business & Economics; GIS & Spatial Data,Survey & Polling Data; Real Estate & Property Data; Data Platform,External platform,"Survey & Polling Data, Real Estate & Property Data, Data Platform",Moody's,../Images/Datasets/moody-s-cre.png
Moody's Default & Recovery Database,"Credit risk database covering ratings, defaults, and recovery data for global sovereign and corporate debt securities. Supports fixed income and credit risk research.",https://library.yale.edu/eresources/access/access-moodys,https://forms.office.com/pages/responsepage.aspx?id=u76M3Tkh-E20EU4-h6vrXGa2PpecL_VHoOa9Jy4XGNVUNlVINUhVVUZNMTJFRFgyNjdQM0lCMklNTiQlQCN0PWcu&route=shorturl,Requires users to request an individual account with a Yale email address.,Business & Economics,Financial & Market Data; Data Platform,External platform,"Financial & Market Data, Data Platform",Moody's,../Images/Datasets/moody-s-default-recovery-database.png
Morningstar Direct,"Investment database and analytics platform covering funds, indexes, portfolios, ownership, and performance data worldwide. Supports investment analysis and asset management research.",https://guides.library.yale.edu/MorningstarDirect,,Available at Marx Library on a dedicated workstation.,Business & Economics,Company & Organization Data; Financial & Market Data; Data Platform,Workstation access,"Company & Organization Data, Financial & Market Data, Data Platform",,../Images/Datasets/morningstar-direct.png
New York Times,"Digital news source providing current and archival reporting on politics, business, culture, science, and global affairs. Supports current awareness and news research.",https://library.yale.edu/eresources/access/access-nytcom,,,Business & Economics; Government & Public Policy; News & Media,News & Current Events; Real Estate & Property Data,External platform,"News & Current Events, Real Estate & Property Data",,../Images/Datasets/new-york-times.png
Nexis Uni,"Full-text news, business, legal, and company information database. Supports research using newspapers, magazines, transcripts, legal sources, and company profiles.",http://hdl.handle.net/10079/yuldb/yuldb2398,,,Business & Economics; News & Media,Company & Organization Data; News & Current Events; Data Platform,External platform,"Company & Organization Data, News & Current Events, Data Platform",,../Images/Datasets/nexis-uni.png
OECD iLibrary,"OECD platform providing books, reports, journals, and statistical data on economics, policy, development, education, environment, and society. Supports comparative policy research.",http://hdl.handle.net/10079/yuldb/yuldb975,,,Energy & Environment; Business & Economics; Government & Public Policy,Government & International Statistics; Scholarly Indexes & Literature; Data Platform,External platform,"Government & International Statistics, Scholarly Indexes & Literature, Data Platform",OECD,../Images/Datasets/oecd-ilibrary.png
Orbis,"Global company database covering public and private firms, ownership structures, financials, and corporate relationships. Valuable for international business and organizational research.",https://yale.idm.oclc.org/login?url=https://orbis.bvdinfo.com/ip,,Point in-time historical data available by request,Business & Economics,Company & Organization Data; Financial & Market Data; Government & International Statistics,External platform,"Company & Organization Data, Financial & Market Data, Government & International Statistics",Moody's,../Images/Datasets/orbis.png
Orbis Historical,"Historical company dataset from Orbis providing point-in-time information for longitudinal business research. Supports analysis of firm characteristics, ownership, and financial data over time.",,https://forms.office.com/pages/responsepage.aspx?id=u76M3Tkh-E20EU4-h6vrXGa2PpecL_VHoOa9Jy4XGNVUQ0lDR1NIMkwxUVRPUVNIWTZMV1FCVzc2QSQlQCN0PWcu,,Business & Economics; Humanities & History,Company & Organization Data; Financial & Market Data; Historical Archives,Locally hosted at Yale,"Company & Organization Data, Financial & Market Data, Historical Archives",Moody's,../Images/Datasets/orbis-historical.png
Orbis Intellectual Property,"Patent and company intelligence platform linking global patent data to corporate information. Supports research on innovation, intellectual property, technology strategy, and firms.",https://yale.idm.oclc.org/login?URL=https://orbisip-r1.bvdinfo.com/ip,,,Business & Economics; GIS & Spatial Data; Technology & Innovation,Company & Organization Data; Survey & Polling Data; Real Estate & Property Data,External platform,"Company & Organization Data, Survey & Polling Data, Real Estate & Property Data",Moody's,../Images/Datasets/orbis-intellectual-property.png
Panjiva,"Global trade database with import and export records, suppliers, buyers, products, and shipment trends. Supports supply chain, trade, and sourcing research.",,https://forms.office.com/pages/responsepage.aspx?id=u76M3Tkh-E20EU4-h6vrXGa2PpecL_VHoOa9Jy4XGNVUNUxHUEEyOEI4WDNRRVhJMzI3SVA1M01QQyQlQCN0PWcu&route=shorturl,Requires users to request an individual account with a Yale email address.,General Research,Market Research; Trade & Supply Chain Data; Data Platform,Locally hosted at Yale,"Market Research, Trade & Supply Chain Data, Data Platform",,../Images/Datasets/panjiva.png
Passport,"Market research platform from Euromonitor with consumer, industry, country, and market data. Supports international market analysis, consumer trends, and business research.",http://web.library.yale.edu/access-passport,,,Business & Economics,Financial & Market Data; Market Research; Government & International Statistics,External platform,"Financial & Market Data, Market Research, Government & International Statistics",Euromonitor,../Images/Datasets/passport.png
Pharmaprojects,"Pharmaceutical research and development database tracking drugs by company, disease, therapeutic class, and development phase. Supports drug pipeline and biomedical market research.",http://hdl.handle.net/10079/yuldb/yuldb2273,,Requires users to register for an individual account.,Health & Medicine; Business & Economics; GIS & Spatial Data,Company & Organization Data; Market Research; Government & International Statistics,External platform,"Company & Organization Data, Market Research, Government & International Statistics",,../Images/Datasets/pharmaprojects.png
Pitchbook,"Private capital database covering companies, investors, funds, deals, exits, and service providers. Supports venture capital, private equity, and entrepreneurship research.",https://library.yale.edu/eresources/access/access-pitchbook,,"Requires users to sign in with an @Yale.edu email address. Users will be directed to the Yale CAS sign-in page. Do not click ""Log in without SSO"" even if you had an individual account previously. Commercial use is prohibited. Users are limited to 10 downloads per day and 25 downloads per month. (1 download = 1 row of data on an Excel file). Accounts will automatically be reset annually on May 31.",Business & Economics,Company & Organization Data; Financial & Market Data; Data Platform,External platform,"Company & Organization Data, Financial & Market Data, Data Platform",,../Images/Datasets/pitchbook.png
PolicyMap,"Interactive mapping platform combining demographic, housing, health, economic, and policy data from public and proprietary sources. Supports place-based research and spatial analysis.",https://www.policymap.com/newmaps/e/yale,,,Health & Medicine; Business & Economics; Government & Public Policy,Geospatial & Mapping Data; Real Estate & Property Data; Health & Biomedical Data,External platform,"Geospatial & Mapping Data, Real Estate & Property Data, Health & Biomedical Data",,../Images/Datasets/policymap.png
Political Risk Yearbook,"Country risk publication providing political, financial, and economic risk assessments for international business and investment. Supports global strategy and policy research.",https://yale.idm.oclc.org/login?url=https://epub.prsgroup.com/customer/pry/,,,Business & Economics; Government & Public Policy,Financial & Market Data; Government & International Statistics,External platform,"Financial & Market Data, Government & International Statistics",,../Images/Datasets/political-risk-yearbook.png
Politico Pro,"Policy intelligence platform covering legislative, regulatory, and political developments, including energy and environment news. Supports government, policy, and advocacy research.",http://hdl.handle.net/10079/yuldb/yuldb2498,,,Energy & Environment; Government & Public Policy; GIS & Spatial Data,News & Current Events; Government & International Statistics; Geospatial & Mapping Data,External platform,"News & Current Events, Government & International Statistics, Geospatial & Mapping Data",,../Images/Datasets/politico-pro.png
Preqin,"Alternative assets database covering private equity, private debt, real estate, infrastructure, natural resources, and hedge funds. Supports private markets and investment research.",http://web.library.yale.edu/access-preqin,,Private data from Preqin is available in WRDS.,Business & Economics; GIS & Spatial Data,Financial & Market Data; Real Estate & Property Data; Data Platform,External platform,"Financial & Market Data, Real Estate & Property Data, Data Platform",,../Images/Datasets/preqin.png
PrivCo,"Business and financial database focused on major private companies, including venture-backed, family-owned, and private-equity-owned firms. Supports private company and market research.",https://yale.idm.oclc.org/login?URL=http://hdl.handle.net/10079/yuldb/yuldb1801,,Requires users to sign up for an account using a Yale email address.,Business & Economics,Company & Organization Data; Financial & Market Data; Market Research,External platform,"Company & Organization Data, Financial & Market Data, Market Research",,../Images/Datasets/privco.png
ProQuest Dissertations & Theses Global,"Comprehensive database of dissertations and theses from universities worldwide. Supports literature reviews, graduate research, and discovery of emerging scholarship.",https://yale.idm.oclc.org/login?URL=https://search.proquest.com/pqdtglobal/index?accountid=15172,,,Humanities & History; Scholarly Literature,Scholarly Indexes & Literature; Data Platform,External platform,"Scholarly Indexes & Literature, Data Platform",ProQuest,../Images/Datasets/proquest-dissertations-theses-global.png
Proquest Historical Annual Reports,"Digital archive of annual reports from major North American companies over more than a century. Supports corporate history, financial history, and business research.",http://hdl.handle.net/10079/yuldb/yuldb648,,,Business & Economics; Humanities & History; Technology & Innovation,Company & Organization Data; Financial & Market Data; Historical Archives,External platform,"Company & Organization Data, Financial & Market Data, Historical Archives",ProQuest,../Images/Datasets/proquest-historical-annual-reports.png
Proquest Statistical Abstract of the U.S.,"Statistical reference source summarizing U.S. demographic, economic, political, and social data. Supports quick access to national statistics and historical context.",https://yale.idm.oclc.org/login?url=https://statabs.proquest.com/sa,,,Business & Economics; Government & Public Policy; Social Sciences,Government & International Statistics; Scholarly Indexes & Literature; Historical Archives,External platform,"Government & International Statistics, Scholarly Indexes & Literature, Historical Archives",ProQuest,../Images/Datasets/proquest-statistical-abstract-of-the-u-s.png
Pyrra Discovery Platform,"Research platform for monitoring online narratives, emerging communities, and digital information environments. Supports analysis of public discourse, media ecosystems, and online activity.",,https://forms.office.com/pages/responsepage.aspx?id=u76M3Tkh-E20EU4-h6vrXGa2PpecL_VHoOa9Jy4XGNVUMjVEOEYzTUVPMFJYOTdSNlQwTk4zSFFBVyQlQCN0PWcu&route=shorturl,,Energy & Environment; News & Media; Technology & Innovation,Data Platform,Locally hosted at Yale,Data Platform,,../Images/Datasets/pyrra-discovery-platform.png
RKMA Market Research Handbook Series,"Downloadable market research handbooks covering consumer behavior, media, travel, retail, food, healthcare, sports, and related sectors. Supports industry and market analysis.",http://yale.idm.oclc.org/login?url=http://www.rkma.com/yale/archive/,,,Health & Medicine; Business & Economics; News & Media,Market Research; Health & Biomedical Data,External platform,"Market Research, Health & Biomedical Data",,../Images/Datasets/rkma-market-research-handbook-series.png
Roper iPOLL,"Public opinion database of U.S. national survey questions and responses dating back to 1935. Supports polling, political behavior, and social trends research.",http://hdl.handle.net/10079/yuldb/yuldb2725,,,Government & Public Policy; Social Sciences,Survey & Polling Data; Historical Archives; Data Platform,External platform,"Survey & Polling Data, Historical Archives, Data Platform",,../Images/Datasets/roper-ipoll.png
S&P Capital IQ Pro,"Financial intelligence platform providing company, industry, market, credit, energy, and real estate data. Supports investment, corporate finance, and industry research.",https://web.library.yale.edu/access-sp-capital-iq-pro?_ga=2.137089200.1253860179.1681413501-14721893.1681413501,,Requires users to register for an individual account. Current Capital IQ account holders can access the platform directly using the S&P Capital IQ Pro link in the upper right corner of the Captial IQ page.,Energy & Environment; Business & Economics; GIS & Spatial Data,Company & Organization Data; Financial & Market Data; Market Research,External platform,"Company & Organization Data, Financial & Market Data, Market Research",S&P,../Images/Datasets/s-p-capital-iq-pro.png
S&P NetAdvantage,"Business research platform with company profiles, financials, industry surveys, stock reports, and screening tools. Supports company, industry, and investment research.",https://yale.idm.oclc.org/login?url=http://na.capitaliq.com/ip/yale,,,Business & Economics; Social Sciences,Company & Organization Data; Financial & Market Data; Survey & Polling Data,External platform,"Company & Organization Data, Financial & Market Data, Survey & Polling Data",S&P,../Images/Datasets/s-p-netadvantage.png
S&P RatingsDirect (Available through S&P Capital IQ),"Credit research platform providing S&P ratings, reports, and analysis for global bond issues. Supports fixed income, credit risk, and public finance research.",https://web.library.yale.edu/access-capital-iq,,"To access, login to Capital IQ and select the Ratings Direct search option. Requires new users to register for an account.",Business & Economics; Government & Public Policy,Financial & Market Data; Data Platform,External platform,"Financial & Market Data, Data Platform",S&P,../Images/Datasets/s-p-ratingsdirect-available-through-s-p-capital-iq.png
Sage Business Cases,"Collection of business case studies from global publishers and universities. Supports classroom teaching and research in management, entrepreneurship, healthcare, and social enterprise.",https://sk.sagepub.com/cases,,Sage Business Cases are licensed for all Yale affiliates and can be used for classroom teaching.,Health & Medicine; Business & Economics; Social Sciences,Health & Biomedical Data,External platform,Health & Biomedical Data,,../Images/Datasets/sage-business-cases.png
Scopus,"Academic abstract and citation database covering peer-reviewed journals, conference proceedings, and books across scientific, medical, technical, and social science fields. Supports literature review and citation analysis.",http://hdl.handle.net/10079/yuldb/yuldb1190,,,Health & Medicine; Social Sciences; Humanities & History,Scholarly Indexes & Literature; Health & Biomedical Data; Data Platform,External platform,"Scholarly Indexes & Literature, Health & Biomedical Data, Data Platform",Elsevier,../Images/Datasets/scopus.png
SDC Platinum,"Transaction database covering new issues, bonds, syndicated loans, mergers and acquisitions, governance, private equity, and infrastructure. Supports corporate finance and deal research.",https://guides.library.yale.edu/Workspace/SDC,https://forms.office.com/pages/responsepage.aspx?id=u76M3Tkh-E20EU4-h6vrXGa2PpecL_VHoOa9Jy4XGNVURVFZWTdNSkxNR1JZV01ITjdPWElHUEo3SCQlQCN0PWcu&route=shorturl,Available by request on LSEG Workpsace or WRDS.,Business & Economics,Financial & Market Data; Data Platform,Locally hosted at Yale,"Financial & Market Data, Data Platform",,../Images/Datasets/sdc-platinum.png
SimplyAnalytics,"Web-based mapping and data platform with census, consumer, market, and local demographic data. Supports geographic analysis, market research, and community studies.",https://yale.idm.oclc.org/login?URL=http://hdl.handle.net/10079/yuldb/yuldb2326,,,Business & Economics; Social Sciences; GIS & Spatial Data,Market Research; Geospatial & Mapping Data; Data Platform,External platform,"Market Research, Geospatial & Mapping Data, Data Platform",,../Images/Datasets/simplyanalytics.png
Social Explorer,"Interactive mapping and data platform providing demographic and census data for the United States. Supports historical, spatial, and community-level research.",https://yale.idm.oclc.org/login?URL=https://yale.idm.oclc.org/login?URL=http://www.socialexplorer.com/,,,Social Sciences; GIS & Spatial Data; Humanities & History,Geospatial & Mapping Data; Historical Archives; Data Platform,External platform,"Geospatial & Mapping Data, Historical Archives, Data Platform",,../Images/Datasets/social-explorer.png
Social Science Research Network (SSRN),"Repository of working papers, accepted papers, and abstracts across social science disciplines. Supports discovery of current research in accounting, economics, finance, marketing, and law.",http://hdl.handle.net/10079/yuldb/yuldb1208,,,Business & Economics; Social Sciences; News & Media,Financial & Market Data; Market Research; News & Current Events,Open access,"Financial & Market Data, Market Research, News & Current Events",,../Images/Datasets/social-science-research-network-ssrn.png
Sports Business Research Network (SBRnet),"Sports market research platform with consumer, industry, participation, sponsorship, and expenditure data. Supports sports business, marketing, and consumer behavior research.",https://yale.idm.oclc.org/login?url=https://sportsmarketanalytics.com,,,Business & Economics; News & Media,Market Research; Data Platform,External platform,"Market Research, Data Platform",,../Images/Datasets/sports-business-research-network-sbrnet.png
STAT+,"News and analysis platform covering biotechnology, pharmaceuticals, clinical trials, health policy, and healthcare business. Supports research on biomedical innovation and health industry trends.",https://library.yale.edu/eresources/access/access-stat-plus,,Requires users to register for an individual account with a Yale email address.,Health & Medicine; Business & Economics; Government & Public Policy,News & Current Events; Health & Biomedical Data; Data Platform,External platform,"News & Current Events, Health & Biomedical Data, Data Platform",,../Images/Datasets/stat.png
Statista,"Statistics portal aggregating data, charts, infographics, dossiers, and reports from thousands of sources. Supports quick fact-finding, market research, and data visualization.",https://www.statista.com/login/campus/,,,Business & Economics,Market Research; Government & International Statistics,External platform,"Market Research, Government & International Statistics",Statista,../Images/Datasets/statista.png
Sustainable Views,"Financial Times publication covering sustainable finance, ESG policy, regulation, and market trends. Supports research on sustainability, investment, and corporate responsibility.",https://search.library.yale.edu/catalog/17660885,,Requires users to request an individual account with a Yale email address.,Energy & Environment; Business & Economics; Government & Public Policy,Financial & Market Data; News & Current Events; ESG & Sustainability Data,External platform,"Financial & Market Data, News & Current Events, ESG & Sustainability Data",,../Images/Datasets/sustainable-views.png
The Block Pro,"Research and data platform covering digital assets, cryptocurrency markets, blockchain companies, and industry trends. Supports research on crypto, fintech, and decentralized finance.",https://web.library.yale.edu/access-block-research?_ga=2.30752639.1512418643.1662507458-1442532518.1662507458,,Requires users to register for an account with a valid Yale email address.,Business & Economics; Technology & Innovation,Company & Organization Data; Financial & Market Data; Data Platform,External platform,"Company & Organization Data, Financial & Market Data, Data Platform",,../Images/Datasets/the-block-pro.png
The Economist,"Current and archival magazine source covering world affairs, economics, business, politics, science, and culture. Supports current awareness and international policy research.",https://yale.idm.oclc.org/login?URL=https://yale.idm.oclc.org/login?URL=https://web.library.yale.edu/economist,,Requires users to register for an individual account with a Yale email address for access.,Business & Economics; Government & Public Policy; News & Media,News & Current Events; Government & International Statistics; Real Estate & Property Data,External platform,"News & Current Events, Government & International Statistics, Real Estate & Property Data",,../Images/Datasets/the-economist.png
The Information,"Technology business news source with reporting on companies, startups, platforms, venture capital, and digital markets. Supports research on technology industries and strategy.",https://library.yale.edu/eresources/access/access-theinformation,,Requires users to register for an individual account with a Yale email address. Please note: The Information Pro content is not included with academic or university subscriptions.,Business & Economics; News & Media; Technology & Innovation,Company & Organization Data; Financial & Market Data; News & Current Events,External platform,"Company & Organization Data, Financial & Market Data, News & Current Events",,../Images/Datasets/the-information.png
UN Comtrade Premium,"International trade database providing detailed commodity and partner-country statistics reported by national authorities. Supports trade, supply chain, and economic research.",https://library.yale.edu/eresources/access/access-un-comtrade,,,Business & Economics,Government & International Statistics; Trade & Supply Chain Data; Data Platform,Open access,"Government & International Statistics, Trade & Supply Chain Data, Data Platform",United Nations,../Images/Datasets/un-comtrade-premium.png
UNdata,"United Nations statistical portal combining data from multiple UN databases. Supports cross-national research on demographics, economics, development, environment, and society.",http://data.un.org/Default.aspx,,,Energy & Environment; Business & Economics; Social Sciences,Government & International Statistics; Data Platform,Open access,"Government & International Statistics, Data Platform",United Nations,../Images/Datasets/undata.png
Vault,"Career research platform with employer profiles, industry guides, rankings, interview advice, and job search resources. Supports career exploration and labor market research.",https://yale.firsthand.co/,,"Current students, faculty, and staff can log in to Vault with their NetID.",Business & Economics; Social Sciences,Market Research; Workforce & Career Data; Data Platform,External platform,"Market Research, Workforce & Career Data, Data Platform",,../Images/Datasets/vault.png
VitalLaw - Blue Chip Publications,"Economic forecasting resource providing Blue Chip consensus forecasts and archived indicators in Excel and PDF formats. Supports macroeconomic, financial, and forecasting research.",https://library.yale.edu/eresources/access/access-blue-chip-economic-indicators?app=yalesites,,Requires users to register for an account with a Yale email address for access.,Business & Economics; Humanities & History,Financial & Market Data; Government & International Statistics; Historical Archives,External platform,"Financial & Market Data, Government & International Statistics, Historical Archives",,../Images/Datasets/vitallaw-blue-chip-publications.png
Wall Street Journal Online,"Digital newspaper covering business, finance, markets, politics, technology, and global news. Supports current awareness and business news research.",https://web.library.yale.edu/access-wall-street-journal,,,Business & Economics; Government & Public Policy; News & Media,Financial & Market Data; News & Current Events; Scholarly Indexes & Literature,External platform,"Financial & Market Data, News & Current Events, Scholarly Indexes & Literature",,../Images/Datasets/wall-street-journal-online.png
WARC,"Advertising and marketing intelligence platform with case studies, best practices, brand insights, and industry analysis. Supports marketing strategy, media, and consumer research.",https://yale.idm.oclc.org/login?url=https://www.warc.com,,,Business & Economics; News & Media,Market Research; Data Platform,External platform,"Market Research, Data Platform",,../Images/Datasets/warc.png
Web of Science,"Multidisciplinary citation index covering journals, conference proceedings, data sets, and scholarly resources. Supports literature review, citation analysis, and research impact assessment.",https://hdl.handle.net/10079/yuldb/yuldb1332,,,Humanities & History; Scholarly Literature,Scholarly Indexes & Literature,External platform,Scholarly Indexes & Literature,,../Images/Datasets/web-of-science.png
World Development Indicators,"World Bank database of global development indicators compiled from official country, regional, and international sources. Supports development economics and comparative policy research.",http://hdl.handle.net/10079/yuldb/yuldb1387,,,Business & Economics; Government & Public Policy,Government & International Statistics; Data Platform,Open access,"Government & International Statistics, Data Platform",World Bank,../Images/Datasets/world-development-indicators.png
WRDS - Bank Regulatory Database,"WRDS dataset containing accounting data for regulated U.S. depository institutions, including bank holding companies, commercial banks, savings banks, and savings and loans.",https://wrds-www.wharton.upenn.edu/login/?next=/pages/get-data/bank-regulatory/,,A WRDS account is required to access this data.,Business & Economics; Government & Public Policy,Company & Organization Data; Data Platform,External platform,"Company & Organization Data, Data Platform",WRDS,../Images/Datasets/wrds-bank-regulatory-database.png
WRDS - Compustat,"Comprehensive financial and accounting database covering publicly traded companies. Includes income statements, balance sheets, cash flows, and company fundamentals for quantitative research.",https://wrds-www.wharton.upenn.edu/login/?next=/pages/get-data/compustat-capital-iq-standard-poors/,,An individual WRDS account is required to access this data.,Business & Economics,Company & Organization Data; Financial & Market Data; Trade & Supply Chain Data,External platform,"Company & Organization Data, Financial & Market Data, Trade & Supply Chain Data",WRDS,../Images/Datasets/wrds-compustat.png
WRDS - CRSP,"Historical database of stock prices, returns, and trading activity for U.S. equity markets. A foundational resource for finance and investment research.",https://wrds-www.wharton.upenn.edu/login/?next=/pages/get-data/center-research-security-prices-crsp/,,An individual WRDS account is required to access this data.,Business & Economics; Humanities & History,Financial & Market Data; Historical Archives; Data Platform,External platform,"Financial & Market Data, Historical Archives, Data Platform",WRDS,../Images/Datasets/wrds-crsp.png
WRDS - Infogroup U.S. Historical Businesses Data,"Historical establishment-level database for U.S. businesses with location, industry, and company records. Supports business demographics, economic geography, and longitudinal firm research.",https://wrds-www.wharton.upenn.edu/login/?next=/pages/get-data/infogroup/,,An individual WRDS account is required to access this data. A subset of this data is available in Data Axle (2003 - present). Previewing this data in Data Axle is encouraged.,Business & Economics; Social Sciences; GIS & Spatial Data,Company & Organization Data; Geospatial & Mapping Data; Historical Archives,External platform,"Company & Organization Data, Geospatial & Mapping Data, Historical Archives",WRDS,../Images/Datasets/wrds-infogroup-u-s-historical-businesses-data.png
WRDS - Revelio,"Workforce analytics dataset covering job postings, employee work histories, reviews, and workforce dynamics. Supports labor market, human capital, and organizational research.",https://wrds-www.wharton.upenn.edu/pages/get-data/revelio-labs/,,An individual WRDS account is required to access this data.,Business & Economics; Social Sciences,Company & Organization Data; Workforce & Career Data; Data Platform,External platform,"Company & Organization Data, Workforce & Career Data, Data Platform",WRDS,../Images/Datasets/wrds-revelio.png
WRDS - Wharton Research Data Service,"Research platform providing access to financial, accounting, banking, economic, and market datasets. Supports empirical research using licensed business and finance data.",https://wrds-www.wharton.upenn.edu/pages/,,,Business & Economics,Financial & Market Data; Data Platform,External platform,"Financial & Market Data, Data Platform",WRDS,../Images/Datasets/wrds-wharton-research-data-service.png
WRDS- S&P Global ESG Scores,"WRDS dataset containing S&P ESG scores, Trucost environmental data, and climate analytics. Supports research on corporate sustainability, environmental impact, and climate risk.",https://wrds-www.wharton.upenn.edu/,,An individual WRDS account is required to access this data.,Energy & Environment,ESG & Sustainability Data; Data Platform,External platform,"ESG & Sustainability Data, Data Platform",WRDS,../Images/Datasets/wrds-s-p-global-esg-scores.png
